{
  "current_file": "4500222816.pdf.json",
  "current_state": "positioning_mouse",
  "retry_count": 0,
  "max_retries": 3,
  "error_message": null,
  "last_successful_state": "connecting_remote_desktop",
  "timestamp": 1755013792.1607885,
  "processing_stats": {
    "remote_desktop_time": 3.751232624053955,
    "sap_open_time": 40.94481062889099,
    "navigation_time": 11.789571046829224,
    "nit_load_time": 10.822197198867798,
    "order_load_time": 8.022106885910034,
    "date_load_time": 8.029799938201904,
    "items_load_time": 254.31088066101074,
    "items_count": 13,
    "screenshot_time": 1.1089882850646973,
    "json_move_time": 0.001894235610961914
  }
}