{
  "current_file": "4500222958.PDF.json",
  "current_state": "completed",
  "retry_count": 0,
  "max_retries": 3,
  "error_message": null,
  "last_successful_state": "connecting_remote_desktop",
  "timestamp": 1755019637.2309163,
  "processing_stats": {
    "remote_desktop_time": 3.7732889652252197,
    "sap_open_time": 40.953219413757324,
    "navigation_time": 11.658201456069946,
    "nit_load_time": 10.835469961166382,
    "order_load_time": 8.023804664611816,
    "date_load_time": 8.031683206558228,
    "items_load_time": 57.00717759132385,
    "items_count": 3,
    "screenshot_time": 1.1022262573242188,
    "json_move_time": 0.001588582992553711,
    "mouse_position_time": 6.362454891204834
  }
}