{
  "current_file": "460132850113120954R730-9008516551-7001-05001.pdf.json",
  "current_state": "completed",
  "retry_count": 0,
  "max_retries": 3,
  "error_message": null,
  "last_successful_state": "connecting_remote_desktop",
  "timestamp": 1754624792.5444763,
  "processing_stats": {
    "remote_desktop_time": 3.3048713207244873,
    "sap_open_time": 65.12704062461853,
    "navigation_time": 12.11098575592041,
    "nit_load_time": 10.990015745162964,
    "order_load_time": 8.039497137069702,
    "date_load_time": 8.047515869140625,
    "items_load_time": 16.730275630950928,
    "items_count": 1,
    "screenshot_time": 1.220597743988037,
    "json_move_time": 0.004441976547241211,
    "mouse_position_time": 6.93608546257019
  }
}