{
  "current_file": "4500389932.pdf.json",
  "current_state": "completed",
  "retry_count": 0,
  "max_retries": 3,
  "error_message": null,
  "last_successful_state": "connecting_remote_desktop",
  "timestamp": 1755020737.405205,
  "processing_stats": {
    "remote_desktop_time": 3.7383978366851807,
    "sap_open_time": 40.96953988075256,
    "navigation_time": 11.73456358909607,
    "nit_load_time": 10.823824644088745,
    "order_load_time": 8.02900242805481,
    "date_load_time": 8.03264331817627,
    "items_load_time": 35.25437378883362,
    "items_count": 2,
    "screenshot_time": 1.0980958938598633,
    "json_move_time": 0.0012030601501464844,
    "mouse_position_time": 6.373100280761719
  }
}