{
  "current_file": "460132850113120954R730-9008516551-7001-05001.pdf.json",
  "current_state": "completed",
  "retry_count": 0,
  "max_retries": 3,
  "error_message": null,
  "last_successful_state": "connecting_remote_desktop",
  "timestamp": 1754592133.906102,
  "processing_stats": {
    "remote_desktop_time": 20.294973134994507,
    "sap_open_time": 40.923815965652466,
    "navigation_time": 11.656572818756104,
    "nit_load_time": 10.821808338165283,
    "order_load_time": 8.026820182800293,
    "date_load_time": 8.03579044342041,
    "items_load_time": 16.72888946533203,
    "items_count": 1,
    "screenshot_time": 1.0869784355163574,
    "json_move_time": 0.0025386810302734375
  }
}