{
  "current_file": "4500222387.PDF.json",
  "current_state": "completed",
  "retry_count": 0,
  "max_retries": 3,
  "error_message": null,
  "last_successful_state": "connecting_remote_desktop",
  "timestamp": 1755012784.098949,
  "processing_stats": {
    "remote_desktop_time": 20.334062576293945,
    "sap_open_time": 40.97126126289368,
    "navigation_time": 11.688165664672852,
    "nit_load_time": 10.85477614402771,
    "order_load_time": 8.024775743484497,
    "date_load_time": 8.041363716125488,
    "items_load_time": 56.9973418712616,
    "items_count": 3,
    "screenshot_time": 1.1087470054626465,
    "json_move_time": 0.002860546112060547,
    "mouse_position_time": 6.404902458190918
  }
}