{
  "current_file": "460132850113120954R730-9008516551-7001-05001.pdf.json",
  "current_state": "completed",
  "retry_count": 0,
  "max_retries": 3,
  "error_message": null,
  "last_successful_state": "connecting_remote_desktop",
  "timestamp": 1754623602.7584565,
  "processing_stats": {
    "remote_desktop_time": 19.744297742843628,
    "sap_open_time": 40.85761260986328,
    "navigation_time": 11.681643962860107,
    "nit_load_time": 10.816232919692993,
    "order_load_time": 8.022245645523071,
    "date_load_time": 8.03103256225586,
    "items_load_time": 16.72574210166931,
    "items_count": 1,
    "screenshot_time": 1.0947434902191162,
    "json_move_time": 0.0019228458404541016,
    "mouse_position_time": 1.3535776138305664
  }
}